{
	"Aruba": {"capital": "Oranjestad", "alt_names": []},
	"Afghanistan": {"capital": "Kabul", "alt_names": []},
	"Angola": {"capital": "Luanda", "alt_names": []},
	"Anguilla": {"capital": "The Valley", "alt_names": []},
	"Albania": {"capital": "Tirana", "alt_names": []},
	"Åland": {"capital": "Mariehamn", "alt_names": ["Aland"]},
	"Andorra": {"capital": "Andorra la Vella", "alt_names": []},
	"United Arab Emirates": {"capital": "Abu Dhabi", "alt_names": ["UAE"]},
	"Argentina": {"capital": "Buenos Aires", "alt_names": []},
	"Armenia": {"capital": "Yerevan", "alt_names": []},
	"American Samoa": {"capital": "Pago Pago", "alt_names": []},
	"Antarctica": {"capital": "", "alt_names": []},
	"Ashmore and Cartier Is.": {"capital": "", "alt_names": ["Ashmore and Cartier Islands"]},
	"Fr. S. Antarctic Lands": {"capital": "Saint-Pierre", "alt_names": ["French Southern and Antarctic Lands"]},
	"Antigua and Barb.": {"capital": "St. John's", "alt_names": ["Antigua and Barbuda"]},
	"Australia": {"capital": "Canberra", "alt_names": []},
	"Austria": {"capital": "Vienna", "alt_names": []},
	"Azerbaijan": {"capital": "Baku", "alt_names": []},
	"Burundi": {"capital": "Gitega", "alt_names": [] },
	"Belgium": {"capital": "Brussels", "alt_names": []},
	"Benin": {"capital": "Porto-Novo", "alt_names": []},
	"Burkina Faso": {"capital": "Ouagadougou", "alt_names": []},
	"Bangladesh": {"capital": "Dhaka", "alt_names": []},
	"Bulgaria": {"capital": "Sofia", "alt_names": []},
	"Bahrain": {"capital": "Manama", "alt_names": []},
	"Bahamas": {"capital": "Nassau", "alt_names": ["The Bahamas"]},
	"Bosnia and Herz.": {"capital": "Sarajevo", "alt_names": ["Bosnia and Herzegovnia"]},
	"St-Barthélemy": {"capital": "Gustavia", "alt_names": ["St-Barthelemy", "St. Barthelemy", "Saint Barthelemy", "St. Barts", "Saint Barts"]},
	"Belarus": {"capital": "Minsk", "alt_names": []},
	"Belize": {"capital": "Belmopan", "alt_names": []},
	"Bermuda": {"capital": "Hamilton", "alt_names": ["Las Bermudas", "Las Islas Bermudas"]},
	"Bolivia": {"capital": "Sucre", "alt_names": []},
	"Brazil": {"capital": "Brasilia", "alt_names": []},
	"Barbados": {"capital": "Bridgetown", "alt_names": []},
	"Brunei": {"capital": "Bandar Seri Begawan", "alt_names": []},
	"Bhutan": {"capital": "Thimphu", "alt_names": []},
	"Botswana": {"capital": "Gaborone", "alt_names": []},
	"Central African Rep.": {"capital": "Bangui", "alt_names": ["Central African Republic"]},
	"Canada": {"capital": "Ottawa", "alt_names": []},
	"Switzerland": {"capital": "Bern", "alt_names": []},
	"Chile": {"capital": "Santiago", "alt_names": []},
	"China": {"capital": "Beijing", "alt_names": ["PRC"]},
	"Côte d'Ivoire": {"capital": "Yamoussoukro", "alt_names": ["Cote d'Ivoire", "Ivory Coast"]},
	"Cameroon": {"capital": "Yaounde", "alt_names": []},
	"Dem. Rep. Congo": {"capital": "Kinshasa", "alt_names": ["DRC", "Democratic Republic of the Congo", "DR Congo", "Congo-Kinshasa"]},
	"Congo": {"capital": "Brazzaville", "alt_names": ["Congo-Brazzaville", "The Congo"]},
	"Cook Is.": {"capital": "Avarua", "alt_names": ["Cook Islands"]},
	"Colombia": {"capital": "Bogota", "alt_names": []},
	"Comoros": {"capital": "Moroni", "alt_names": []},
	"Cabo Verde": {"capital": "Praia", "alt_names": ["Cape Verde"]},
	"Costa Rica": {"capital": "San Jose", "alt_names": []},
	"Cuba": {"capital": "Havana", "alt_names": []},
	"Curaçao": {"capital": "Willemstad", "alt_names": ["Curacao"]},
	"Cayman Is.": {"capital": "George Town", "alt_names": ["Cayman Islands", "Caymans"]},
	"N. Cyprus": {"capital": "Nicosia", "alt_names": ["Northern Cyprus"]},
	"Cyprus": {"capital": "Nicosia", "alt_names": []},
	"Czechia": {"capital": "Prague", "alt_names": ["Czech Republic"]},
	"Germany": {"capital": "Berlin", "alt_names": []},
	"Djibouti": {"capital": "Djibouti", "alt_names": []},
	"Dominica": {"capital": "Roseau", "alt_names": []},
	"Denmark": {"capital": "Copenhagen", "alt_names": []},
	"Dominican Rep.": {"capital": "Santo Domingo", "alt_names": ["Dominican Republic"]},
	"Algeria": {"capital": "Algiers", "alt_names": []},
	"Ecuador": {"capital": "Quito", "alt_names": []},
	"Egypt": {"capital": "Cairo", "alt_names": []},
	"Eritrea": {"capital": "Asmara", "alt_names": []},
	"Spain": {"capital": "Madrid", "alt_names": []},
	"Estonia": {"capital": "Tallinn", "alt_names": []},
	"Ethiopia": {"capital": "Addis Ababa", "alt_names": []},
	"Finland": {"capital": "Helsinki", "alt_names": []},
	"Fiji": {"capital": "Suva", "alt_names": []},
	"Falkland Is.": {"capital": "Stanley", "alt_names": ["Falkland Islands", "Falklands"]},
	"France": {"capital": "Paris", "alt_names": []},
	"Faeroe Is.": {"capital": "Torshavn", "alt_names": ["Faeroe Islands", "Faroe Islands", "Faeroes", "Faroes"]},
	"Micronesia": {"capital": "Palikir", "alt_names": ["FSM"]},
	"Gabon": {"capital": "Libreville", "alt_names": []},
	"United Kingdom": {"capital": "London", "alt_names": ["UK", "Britain"]},
	"Georgia": {"capital": "Tbilisi", "alt_names": []},
	"Guernsey": {"capital": "St. Peter Port", "alt_names": []},
	"Ghana": {"capital": "Accra", "alt_names": []},
	"Guinea": {"capital": "Conakry", "alt_names": []},
	"Gambia": {"capital": "Banjul", "alt_names": ["The Gambia"]},
	"Guinea-Bissau": {"capital": "Bissau", "alt_names": []},
	"Eq. Guinea": {"capital": "Malabo", "alt_names": ["Equatorial Guinea"]},
	"Greece": {"capital": "Athens", "alt_names": []},
	"Grenada": {"capital": "St. George's", "alt_names": []},
	"Greenland": {"capital": "Nuuk", "alt_names": []},
	"Guatemala": {"capital": "Guatemala City", "alt_names": []},
	"Guam": {"capital": "Hagatna", "alt_names": []},
	"Guyana": {"capital": "Georgetown", "alt_names": []},
	"Hong Kong": {"capital": "", "alt_names": []},
	"Heard I. and McDonald Is.": {"capital": "", "alt_names": ["Heard Island and McDonald Islands"]},
	"Honduras": {"capital": "Tegucigalpa", "alt_names": []},
	"Croatia": {"capital": "Zagreb", "alt_names": []},
	"Haiti": {"capital": "Port-au-Prince", "alt_names": []},
	"Hungary": {"capital": "Budapest", "alt_names": []},
	"Indonesia": {"capital": "Jakarta", "alt_names": []},
	"Isle of Man": {"capital": "Douglas", "alt_names": ["Is. of Man", "Maan"]},
	"India": {"capital": "New Delhi", "alt_names": []},
	"Indian Ocean Ter.": {"capital": "", "alt_names": ["Indian Ocean Territories", "Australian Indian Ocean Territories", "AIOT"]},
	"Br. Indian Ocean Ter.": {"capital": "Diego Garcia", "alt_names": ["British Indian Ocean Territories", "BIOT"]},
	"Ireland": {"capital": "Dublin", "alt_names": []},
	"Iran": {"capital": "Tehran", "alt_names": ["Persia"]},
	"Iraq": {"capital": "Baghdad", "alt_names": []},
	"Iceland": {"capital": "Reykjavik", "alt_names": []},
	"Israel": {"capital": "Jerusalem", "alt_names": []},
	"Italy": {"capital": "Rome", "alt_names": ["Italia"]},
	"Jamaica": {"capital": "Kingston", "alt_names": []},
	"Jersey": {"capital": "St Helier", "alt_names": ["Bailiwick of Jersey"]},
	"Jordan": {"capital": "Amman", "alt_names": []},
	"Japan": {"capital": "Tokyo", "alt_names": ["Nippon", "Nihon"]},
	"Siachen Glacier": {"capital": "", "alt_names": ["Siachen"]},
	"Kazakhstan": {"capital": "Astana", "alt_names": ["Qazaqstan"]},
	"Kenya": {"capital": "Nairobi", "alt_names": []},
	"Kyrgyzstan": {"capital": "Bishkek", "alt_names": ["Kirghizia"]},
	"Cambodia": {"capital": "Phnom Penh", "alt_names": ["Kampuchea"]},
	"Kiribati": {"capital": "South Tarawa", "alt_names": []},
	"St. Kitts and Nevis": {"capital": "Basseterre", "alt_names": ["Saint Kitts and Nevis"]},
	"South Korea": {"capital": "Seoul", "alt_names": ["S. Korea", "ROK"]},
	"Kosovo": {"capital": "Pristina", "alt_names": []},
	"Kuwait": {"capital": "Kuwait City", "alt_names": []},
	"Laos": {"capital": "Vientiane", "alt_names": ["LPDR", "Lao PDR"]},
	"Lebanon": {"capital": "Beirut", "alt_names": ["Liban", "Libnan", "Lubnan"]},
	"Liberia": {"capital": "Monrovia", "alt_names": []},
	"Libya": {"capital": "Tripoli", "alt_names": []},
	"Saint Lucia": {"capital": "Castries", "alt_names": ["Iouanalao", "Hewanorra"]},
	"Liechtenstein": {"capital": "Vaduz", "alt_names": ["Lichtenstein"]},
	"Sri Lanka": {"capital": "Sri Jayawardenepura Kotte", "alt_names": ["Ceylon"]},
	"Lesotho": {"capital": "Maseru", "alt_names": []},
	"Lithuania": {"capital": "Vilnius", "alt_names": ["Litwa"]},
	"Luxembourg": {"capital": "Luxembourg City", "alt_names": ["Luxemburg"]},
	"Latvia": {"capital": "Riga", "alt_names": []},
	"Macao": {"capital": "", "alt_names": ["Macau"]},
	"St-Martin": {"capital": "Marigot", "alt_names": ["Collectivity of Saint Martin", "St. Martin", "Saint Martin"]},
	"Morocco": {"capital": "Rabat", "alt_names": []},
	"Monaco": {"capital": "", "alt_names": []},
	"Moldova": {"capital": "Chisinau", "alt_names": ["Moldovia"]},
	"Madagascar": {"capital": "Antananarivo", "alt_names": []},
	"Maldives": {"capital": "Male", "alt_names": []},
	"Mexico": {"capital": "Mexico City", "alt_names": []},
	"Marshall Is.": {"capital": "Delap-Uliga-Djarrit", "alt_names": ["Marshall Islands"]},
	"Macedonia": {"capital": "Skopje", "alt_names": ["North Macedonia"]},
	"Mali": {"capital": "Bamako", "alt_names": []},
	"Malta": {"capital": "Valletta", "alt_names": []},
	"Myanmar": {"capital": "Naypyidaw", "alt_names": ["Burma"]},
	"Montenegro": {"capital": "Podgorica", "alt_names": ["Crna Gora"]},
	"Mongolia": {"capital": "Ulaanbaatar", "alt_names": []},
	"N. Mariana Is.": {"capital": "Saipan", "alt_names": ["Northern Mariana Islands"]},
	"Mozambique": {"capital": "Maputo", "alt_names": []},
	"Mauritania": {"capital": "Nouakchott", "alt_names": ["Mauretania"]},
	"Montserrat": {"capital": "Plymouth", "alt_names": []},
	"Mauritius": {"capital": "Port Louis", "alt_names": []},
	"Malawi": {"capital": "Lilongwe", "alt_names": ["Nyasaland"]},
	"Malaysia": {"capital": "Kuala Lumpur", "alt_names": []},
	"Namibia": {"capital": "Windhoek", "alt_names": []},
	"New Caledonia": {"capital": "Noumea", "alt_names": []},
	"Niger": {"capital": "Niamey", "alt_names": ["The Niger"]},
	"Norfolk Island": {"capital": "Kingston", "alt_names": []},
	"Nigeria": {"capital": "Abuja", "alt_names": []},
	"Nicaragua": {"capital": "Managua", "alt_names": []},
	"Niue": {"capital": "Alofi", "alt_names": []},
	"Netherlands": {"capital": "Amsterdam", "alt_names": ["Holland", "The Netherlands"]},
	"Norway": {"capital": "Oslo", "alt_names": []},
	"Nepal": {"capital": "Kathmandu", "alt_names": []},
	"Nauru": {"capital": "Yaren", "alt_names": ["Pleasant Island"]},
	"New Zealand": {"capital": "Wellington", "alt_names": []},
	"Oman": {"capital": "Muscat", "alt_names": []},
	"Pakistan": {"capital": "Islamabad", "alt_names": []},
	"Panama": {"capital": "Panama City", "alt_names": []},
	"Pitcairn Is.": {"capital": "Adamstown", "alt_names": ["Pitcairn Islands"]},
	"Peru": {"capital": "Lima", "alt_names": []},
	"Philippines": {"capital": "Manila", "alt_names": ["The Philippines"]},
	"Palau": {"capital": "Ngerulmud", "alt_names": []},
	"Papua New Guinea": {"capital": "Port Moresby", "alt_names": ["PNG"]},
	"Poland": {"capital": "Warsaw", "alt_names": ["Polska"]},
	"Puerto Rico": {"capital": "San Juan", "alt_names": ["PR"]},
	"North Korea": {"capital": "Pyongyang", "alt_names": ["N. Korea", "DPRK"]},
	"Portugal": {"capital": "Lisbon", "alt_names": []},
	"Paraguay": {"capital": "Asuncion", "alt_names": []},
	"Palestine": {"capital": "Jerusalem", "alt_names": ["Filastin"]},
	"Fr. Polynesia": {"capital": "Papeete", "alt_names": ["French Polynesia"]},
	"Qatar": {"capital": "Doha", "alt_names": []},
	"Romania": {"capital": "Bucharest", "alt_names": []},
	"Russia": {"capital": "Moscow", "alt_names": []},
	"Rwanda": {"capital": "Kigali", "alt_names": ["Ruanda"]},
	"W. Sahara": {"capital": "El Aaiun", "alt_names": ["Western Sahara", "SADR"]},
	"Saudi Arabia": {"capital": "Riyadh", "alt_names": ["KSA"]},
	"Sudan": {"capital": "Khartoum", "alt_names": []},
	"S. Sudan": {"capital": "Juba", "alt_names": ["South Sudan"]},
	"Senegal": {"capital": "Dakar", "alt_names": []},
	"Singapore": {"capital": "", "alt_names": []},
	"S. Geo. and the Is.": {"capital": "King Edward Point", "alt_names": ["South Georgia and the South Sandwich Islands", "South Georgia and the Islands"]},
	"Saint Helena": {"capital": "Jamestown", "alt_names": []},
	"Solomon Is.": {"capital": "Honiara", "alt_names": ["Solomon Islands", "Solomons"]},
	"Sierra Leone": {"capital": "Freetown", "alt_names": []},
	"El Salvador": {"capital": "San Salvador", "alt_names": []},
	"San Marino": {"capital": "San Marino", "alt_names": []},
	"Somaliland": {"capital": "Hargeisa", "alt_names": []},
	"Somalia": {"capital": "Mogadishu", "alt_names": []},
	"St. Pierre and Miquelon": {"capital": "Saint-Pierre", "alt_names": ["Saint Pierre and Miquelon"]},
	"Serbia": {"capital": "Belgrade", "alt_names": ["Srbija"]},
	"São Tomé and Principe": {"capital": "Sao Tome", "alt_names": ["Sao Tome and Principe"]},
	"Suriname": {"capital": "Paramaribo", "alt_names": []},
	"Slovakia": {"capital": "Bratislava", "alt_names": []},
	"Slovenia": {"capital": "Ljubljana", "alt_names": []},
	"Sweden": {"capital": "Stockholm", "alt_names": []},
	"Eswatini": {"capital": "Mbabane", "alt_names": []},
	"Sint Maarten": {"capital": "Philipsburg", "alt_names": []},
	"Seychelles": {"capital": "Victoria", "alt_names": []},
	"Syria": {"capital": "Damascus", "alt_names": []},
	"Turks and Caicos Is.": {"capital": "Cockburn Town", "alt_names": ["Turks and Caicos Islands"]},
	"Chad": {"capital": "N'Djamena", "alt_names": []},
	"Togo": {"capital": "Lome", "alt_names": []},
	"Thailand": {"capital": "Bangkok", "alt_names": ["Siam"]},
	"Tajikistan": {"capital": "Dushanbe", "alt_names": []},
	"Turkmenistan": {"capital": "Ashgabat", "alt_names": ["Turkomania"]},
	"Timor-Leste": {"capital": "Dili", "alt_names": ["East Timor"]},
	"Tonga": {"capital": "Nukuʻalofa", "alt_names": []},
	"Trinidad and Tobago": {"capital": "Port of Spain", "alt_names": []},
	"Tunisia": {"capital": "Tunis", "alt_names": []},
	"Turkey": {"capital": "Ankara", "alt_names": ["Turkiye"]},
	"Taiwan": {"capital": "Taipei", "alt_names": ["Republic of China", "ROC"]},
	"Tanzania": {"capital": "Dodoma", "alt_names": []},
	"Uganda": {"capital": "Kampala", "alt_names": []},
	"Ukraine": {"capital": "Kyiv", "alt_names": ["Ukraina"]},
	"Uruguay": {"capital": "Montevideo", "alt_names": []},
	"United States of America": {"capital": "Washington, D.C.", "alt_names": ["USA", "United States", "America"]},
	"Uzbekistan": {"capital": "Tashkent", "alt_names": []},
	"Vatican": {"capital": "", "alt_names": ["Vatican City"]},
	"St. Vin. and Gren.": {"capital": "Kingstown", "alt_names": ["Saint Vincent and the Grenadines"]},
	"Venezuela": {"capital": "Caracas", "alt_names": []},
	"British Virgin Is.": {"capital": "Road Town", "alt_names": ["British Virgin Islands", "Virgin Islands", "BVI"]},
	"U.S. Virgin Is.": {"capital": "Charlotte Amalie", "alt_names": ["United States Virgin Islands", "USVI"]},
	"Vietnam": {"capital": "Hanoi", "alt_names": ["SRV"]},
	"Vanuatu": {"capital": "Port Vila", "alt_names": []},
	"Wallis and Futuna Is.": {"capital": "Mata Utu", "alt_names": ["Wallis and Futuna", "Wallis and Futuna Islands"]},
	"Samoa": {"capital": "Apia", "alt_names": ["Western Samoa"]},
	"Yemen": {"capital": "Sanaa", "alt_names": []},
	"South Africa": {"capital": "Cape Town", "alt_names": []},
	"Zambia": {"capital": "Lusaka", "alt_names": []},
	"Zimbabwe": {"capital": "Harare", "alt_names": []},
}
